isin,fetched
IE000DHZXD61,2026-07-13
IE000ZDPZL69,2026-07-13
IE000SA19OL0,2026-07-13
IE000KXM3O48,2026-07-13
IE000M07S996,2026-07-13
IE000UL7AOT5,2026-07-13
IE000953I6Z4,2026-07-13
IE000SWYZ0D5,2026-07-13
IE000EGGFVG6,2026-07-13
IE0002YHUWS3,2026-07-13
IE000S67ID55,2026-07-13
IE000XKK4AV2,2026-07-13
CH1505560610,2026-07-13
IE000PNL0242,2026-07-13
IE0002LUYGW0,2026-07-13
CH1390861313,2026-07-13
LU2941599081,2026-07-13
LU2941599164,2026-07-13
LU2994521073,2026-07-13
IE000HDPAH09,2026-07-13
IE000IDJKTB3,2026-07-13
IE000FDU4IY8,2026-07-13
IE000UDUSCI9,2026-07-13
DE000ETC0696,2026-07-13
DE000ETC0787,2026-07-13
DE000ETC0704,2026-07-13
DE000ETC0001,2026-07-13
XS3384723154,2026-07-13
DE000ETC0738,2026-07-13
CH1390861214,2026-07-13
CH1381833420,2026-07-13
CH1390861305,2026-07-13
CH1390861297,2026-07-13
LU0203243844,2026-07-13
IE00BKT09255,2026-07-13
IE00B873CW36,2026-07-13
IE00BKT09032,2026-07-13
IE00BYNXNS22,2026-07-13
US46144X6105,2026-07-13
LU1829219986,2026-07-13
US38150K1034,2026-07-13
US00768Y2063,2026-07-13
US4642881829,2026-07-13
US02072L2842,2026-07-13
US90470L5681,2026-07-13
IE00BYVDRC61,2026-07-13
US00162Q4608,2026-07-13
US26922A2226,2026-07-13
US02507A7054,2026-07-13
US8863647108,2026-07-13
US90214Q7170,2026-07-13
US26923N1081,2026-07-13
US4642882579,2026-07-13
IE00BYM11H29,2026-07-13
IE00BYM11J43,2026-07-13
IE00BJXFZ989,2026-07-13
US4642865251,2026-07-13
US4642882405,2026-07-13
US90214Q7253,2026-07-13
US4020318436,2026-07-13
US26922A7845,2026-07-13
US90214Q7337,2026-07-13
GRF000153004,2026-07-13
LU1681043326,2026-07-13
US90214Q7667,2026-07-13
LU1681040066,2026-07-13
US92189F8665,2026-07-13
US33740F8216,2026-07-13
LU1900067270,2026-07-13
US33740F7978,2026-07-13
US69374H6264,2026-07-13
US4642872265,2026-07-13
US97717X5115,2026-07-13
US37954Y7720,2026-07-13
US74347W3530,2026-07-13
US4642881662,2026-07-13
US97717W3806,2026-07-13
US4642884302,2026-07-13
US0321085658,2026-07-13
GB00B15KYK92,2026-07-13
US37954Y6326,2026-07-13
US33738R7044,2026-07-13
LU1409136006,2026-07-13
US69374H7171,2026-07-13
US37954Y8066,2026-07-13
FR0013284304,2026-07-13
US00162Q4525,2026-07-13
US90269A3510,2026-07-13
US30151E7803,2026-07-13
US90274D3742,2026-07-13
US26923G7723,2026-07-13
US74347G7960,2026-07-13
US92189F4375,2026-07-13
US4642898591,2026-07-13
US4642898831,2026-07-13
US4642898757,2026-07-13
US4642898674,2026-07-13
US2103228555,2026-07-13
US37954Y1863,2026-07-13
US02210T1088,2026-07-13
US0427657194,2026-07-13
US37950E2596,2026-07-13
US00214Q7088,2026-07-13
US00214Q3020,2026-07-13
US00214Q1040,2026-07-13
US00214Q2030,2026-07-13
US00214Q4010,2026-07-13
US00214Q8078,2026-07-13
US37950E6480,2026-07-13
US33939L7385,2026-07-13
US2330518794,2026-07-13
US2330517549,2026-07-13
US2330515238,2026-07-13
IE00BFZPF322,2026-07-13
LU1525419294,2026-07-13
IE00BD4TY451,2026-07-13
JE00B68GRJ90,2026-07-13
IE00BX7RS555,2026-07-13
US2103228142,2026-07-13
US37954Y5740,2026-07-13
LU1834983394,2026-07-13
US0250727031,2026-07-13
US0250728021,2026-07-13
US0250726041,2026-07-13
US0250725621,2026-07-13
US0250726959,2026-07-13
US0250726876,2026-07-13
IE00BDR55703,2026-07-13
FR0011882364,2026-07-13
US0321085401,2026-07-13
IE00BDQZN113,2026-07-13
IE00BDQZN550,2026-07-13
US46138G8050,2026-07-13
IE00BQT3VN15,2026-07-13
US45782C8881,2026-07-13
US0321088058,2026-07-13
US45782C6984,2026-07-13
US46641Q2333,2026-07-13
US26923G3011,2026-07-13
US46641Q2259,2026-07-13
US46641Q1913,2026-07-13
US92189F7261,2026-07-13
US46641Q3737,2026-07-13
US46641Q2176,2026-07-13
US46641Q3406,2026-07-13
US26923G2021,2026-07-13
US46641Q7381,2026-07-13
US46641Q2903,2026-07-13
IE00BK6Q9938,2026-07-13
US46641Q3992,2026-07-13
US0032612030,2026-07-13
US0032611040,2026-07-13
US90269A2603,2026-07-13
US45782C5572,2026-07-13
US03210A1079,2026-07-13
US00768Y3962,2026-07-13
FR0000021842,2026-07-13
FR0010446146,2026-07-13
US53656F7895,2026-07-13
US45782C4336,2026-07-13
US37954Y7985,2026-07-13
US00162Q7262,2026-07-13
US33733E8497,2026-07-13
US46435U4408,2026-07-13
US74347R2141,2026-07-13
US66538H5349,2026-07-13
US78468R6633,2026-07-13
US78468R5239,2026-07-13
LU2037750168,2026-07-13
US74347G8380,2026-07-13
US09175C1036,2026-07-13
US9219378190,2026-07-13
US92189F4110,2026-07-13
US45782C4096,2026-07-13
US45782C7891,2026-07-13
US45782C7552,2026-07-13
US09661T6029,2026-07-13
US09661T5039,2026-07-13
US4642866572,2026-07-13
US09661T8009,2026-07-13
US09661T4040,2026-07-13
US09661T1079,2026-07-13
US46138G5080,2026-07-13
US09661T2069,2026-07-13
US09661T3059,2026-07-13
US8296582021,2026-07-13
US1320618135,2026-07-13
US66538H6586,2026-07-13
US0321086078,2026-07-13
IE00BJXRZ273,2026-07-13
US9219377937,2026-07-13
US45782C3916,2026-07-13
US45782C3262,2026-07-13
US09290C4006,2026-07-13
US9219378356,2026-07-13
US33939L6700,2026-07-13
US92206C5655,2026-07-13
US92203J4076,2026-07-13
US0636793368,2026-07-13
US0636794358,2026-07-13
LU1829221966,2026-07-13
US91167Q1004,2026-07-13
US45782C5812,2026-07-13
US45782C7719,2026-07-13
US74347Y7489,2026-07-13
US72201R7750,2026-07-13
US37954Y7159,2026-07-13
US14016P1075,2026-07-13
US92189F8251,2026-07-13
LU1437024992,2026-07-13
US25460G7088,2026-07-13
US46138J8412,2026-07-13
US46138J8255,2026-07-13
US46138J7919,2026-07-13
US46138J7836,2026-07-13
US46138J6432,2026-07-13
US46138J5772,2026-07-13
US46138J4601,2026-07-13
US45782C6646,2026-07-13
US46138J8339,2026-07-13
US46138J8172,2026-07-13
US46138J6358,2026-07-13
US46138J5855,2026-07-13
US46138J4528,2026-07-13
US46138J5368,2026-07-13
US46138J5285,2026-07-13
US46138J5103,2026-07-13
US46138J4940,2026-07-13
US46138J4866,2026-07-13
US46138J4783,2026-07-13
US46138J4452,2026-07-13
US9219378273,2026-07-13
FR0010424135,2026-07-13
US00110G4082,2026-07-13
US3899302075,2026-07-13
US74255Y4098,2026-07-13
US09290C3016,2026-07-13
LU1523098561,2026-07-13
FR0011023639,2026-07-13
FR0011023621,2026-07-13
US33740U7037,2026-07-13
US45783Y8140,2026-07-13
US33740F7556,2026-07-13
US37954Y3844,2026-07-13
US69374H6678,2026-07-13
FR0011023654,2026-07-13
FR0010869578,2026-07-13
LU1571051751,2026-07-13
US35473P5382,2026-07-13
US92189H8390,2026-07-13
US78464A5166,2026-07-13
US78464A3344,2026-07-13
FR0010411884,2026-07-13
FR0010424143,2026-07-13
US46434V7872,2026-07-13
US74350P6189,2026-07-13
LU0378438732,2026-07-13
LU0603933895,2026-07-13
LU0603942888,2026-07-13
LU0650624025,2026-07-13
LU1033693638,2026-07-13
LU0947415054,2026-07-13
LU0603946798,2026-07-13
LU0392496427,2026-07-13
LU0392496690,2026-07-13
LU1104574725,2026-07-13
LU1104577314,2026-07-13
LU0378434236,2026-07-13
LU0392496856,2026-07-13
LU0392496930,2026-07-13
LU0378434582,2026-07-13
LU2082995734,2026-07-13
FR0010754143,2026-07-13
LU0675401409,2026-07-13
FR0010754135,2026-07-13
FR0010754168,2026-07-13
FR0010754176,2026-07-13
FR0010754184,2026-07-13
LU1681041387,2026-07-13
US5246821012,2026-07-13
FR0011041334,2026-07-13
US69374H8575,2026-07-13
LU0496786731,2026-07-13
US25861R2040,2026-07-13
LU1446552652,2026-07-13
US33734X3098,2026-07-13
IE00BHBFDF83,2026-07-13
US37954Y8892,2026-07-13
DE000ETF9504,2026-07-13
DE000ETF9058,2026-07-13
LU1275255369,2026-07-13
FR0010688176,2026-07-13
LU0530124006,2026-07-13
LU0530118024,2026-07-13
LU0419741177,2026-07-13
IE00BG5J1M21,2026-07-13
LU0392496260,2026-07-13
LU0488317701,2026-07-13
US2103228068,2026-07-13
LU0392494992,2026-07-13
LU0392495023,2026-07-13
LU0392494562,2026-07-13
LU0378453376,2026-07-13
US92189F3799,2026-07-13
US2103228894,2026-07-13
LU0860821874,2026-07-13
IE00BJJPVP04,2026-07-13
LU1048315326,2026-07-13
LU0392495700,2026-07-13
LU0392496005,2026-07-13
US53656F8471,2026-07-13
IE00BYT5CW92,2026-07-13
US92647N8240,2026-07-13
US92647N8653,2026-07-13
LU1681043755,2026-07-13
IE00B5V87390,2026-07-13
US37954Y3687,2026-07-13
US90269A2868,2026-07-13
US30151E8066,2026-07-13
US4642862514,2026-07-13
IE00BG0J9Y53,2026-07-13
US97717W1339,2026-07-13
US92647N7663,2026-07-13
US00509W1053,2026-07-13
US92647N7820,2026-07-13
US46138E2634,2026-07-13
FR0010688192,2026-07-13
US25490K8696,2026-07-13
US37954Y2515,2026-07-13
CH0226976816,2026-07-13
CH0237935637,2026-07-13
JE00B3W0MY68,2026-07-13
US02072L1513,2026-07-13
US37950E8049,2026-07-13
US37950E5078,2026-07-13
US37950E7058,2026-07-13
US37950E2422,2026-07-13
LU1440654330,2026-07-13
US37950E4089,2026-07-13
US37950E6068,2026-07-13
CH0237935652,2026-07-13
CH0368190739,2026-07-13
US33734X8469,2026-07-13
US92647N8810,2026-07-13
US92647N8406,2026-07-13
US92647N8166,2026-07-13
FR0010755611,2026-07-13
US25460G6254,2026-07-13
LU2056738490,2026-07-13
US74347B3758,2026-07-13
US37954Y4420,2026-07-13
LU2056739464,2026-07-13
US46429B3666,2026-07-13
US46431W5985,2026-07-13
LU0392496344,2026-07-13
US4642883569,2026-07-13
US2330517622,2026-07-13
US0321084826,2026-07-13
US26922A8264,2026-07-13
US78468R6559,2026-07-13
US46434V5140,2026-07-13
LU0533032008,2026-07-13
GB00B15KXP72,2026-07-13
US25460E3071,2026-07-13
US38747R1086,2026-07-13
US46431W8534,2026-07-13
US37954Y8306,2026-07-13
US88166A1025,2026-07-13
GB00B15KXS04,2026-07-13
US72201R8170,2026-07-13
IE00BKFB6L02,2026-07-13
LU0533032263,2026-07-13
LU1407891602,2026-07-13
US0321086987,2026-07-13
US69374H8815,2026-07-13
US9117181043,2026-07-13
US46138E8003,2026-07-13
US92189F5851,2026-07-13
US46434V4648,2026-07-13
LU0876440578,2026-07-13
LU0444605215,2026-07-13
US92647N8323,2026-07-13
US92647N8737,2026-07-13
CH0016999861,2026-07-13
CH0102530786,2026-07-13
CH0016999846,2026-07-13
US46137V1594,2026-07-13
US92647N7747,2026-07-13
US74347R2489,2026-07-13
US45409B3969,2026-07-13
CH0031768937,2026-07-13
CH0008899764,2026-07-13
CH0019852802,2026-07-13
LU1834983808,2026-07-13
IE00BJBYDR19,2026-07-13
IE00BJBYDP94,2026-07-13
IE00BJBYDQ02,2026-07-13
IE00BKKFT292,2026-07-13
IE00BMDX0L03,2026-07-13
IE00BMDX0K95,2026-07-13
US37960A2226,2026-07-13
FR0010655761,2026-07-13
US25459Y8764,2026-07-13
US46138E5454,2026-07-13
US12811T3086,2026-07-13
US46137Y5006,2026-07-13
US78464A3591,2026-07-13
US25460G1875,2026-07-13
LU1681045883,2026-07-13
US78463X8487,2026-07-13
US00768Y5603,2026-07-13
US97717X7194,2026-07-13
US46137Y4017,2026-07-13
US78467X1090,2026-07-13
IE00B3Z66S39,2026-07-13
US33738R7127,2026-07-13
US90213U1152,2026-07-13
US92189H8218,2026-07-13
US33740F8547,2026-07-13
US37954Y4917,2026-07-13
FR0010869495,2026-07-13
LU0252634307,2026-07-13
LU0292106241,2026-07-13
US46140H1068,2026-07-13
US2330518208,2026-07-13
US46140H7008,2026-07-13
US46138B1035,2026-07-13
US46140H3049,2026-07-13
US2330512003,2026-07-13
US53700T8356,2026-07-13
US2330511013,2026-07-13
US2330518539,2026-07-13
US2330516970,2026-07-13
US2330514082,2026-07-13
US2330515071,2026-07-13
US53700T8273,2026-07-13
US46140H4039,2026-07-13
US46140H5028,2026-07-13
LU0411075020,2026-07-13
LU0411075376,2026-07-13
LU0411078552,2026-07-13
LU0411078636,2026-07-13
LU0290359032,2026-07-13
LU0322252502,2026-07-13
FR001400U5Q4,2026-07-13
US33738R6962,2026-07-13
US97717X2716,2026-07-13
US74347R3057,2026-07-13
US97717X2633,2026-07-13
US2103227649,2026-07-13
US33740U1097,2026-07-13
US2330515154,2026-07-13
US26922A7019,2026-07-13
IE00B4QNHH68,2026-07-13
US97717W3152,2026-07-13
US00774Q3469,2026-07-13
US97717W6049,2026-07-13
IE00B4QNHZ41,2026-07-13
US2330514819,2026-07-13
US97717W8771,2026-07-13
US25434V3024,2026-07-13
US25434V2034,2026-07-13
US25434V1044,2026-07-13
US97717W8698,2026-07-13
US33740F7713,2026-07-13
US25460E6611,2026-07-13
US97717W8367,2026-07-13
US23908L1089,2026-07-13
US97717W3236,2026-07-13
US46434V6213,2026-07-13
US97717X6519,2026-07-13
US97717X6691,2026-07-13
US97717W2816,2026-07-13
US78464A7063,2026-07-13
US97717W2089,2026-07-13
US19761L5084,2026-07-13
US74347G7051,2026-07-13
US97717W7781,2026-07-13
US23908L4059,2026-07-13
US46435U8615,2026-07-13
US0321084099,2026-07-13
US4020318352,2026-07-13
US2103227318,2026-07-13
US90269A4500,2026-07-13
US46137V6056,2026-07-13
FR0010468983,2026-07-13
US06738C7781,2026-07-13
US33740F6988,2026-07-13
US33740F7143,2026-07-13
US97717W3079,2026-07-13
US97717W7609,2026-07-13
US33740F7309,2026-07-13
US00774Q1489,2026-07-13
US26922A3471,2026-07-13
US46436E7590,2026-07-13
US97717W8441,2026-07-13
US33740F8398,2026-07-13
LU1437016543,2026-07-13
US33740F6723,2026-07-13
US74347B2354,2026-07-13
US97717W7948,2026-07-13
US97717W5058,2026-07-13
US25460G1537,2026-07-13
US25460G3285,2026-07-13
US37954Y6243,2026-07-13
US25459W7552,2026-07-13
US26922A3885,2026-07-13
US25460G4192,2026-07-13
US33740F6806,2026-07-13
US4642885705,2026-07-13
US22542D6546,2026-07-13
US26922A3216,2026-07-13
US26922B5012,2026-07-13
FR0011607084,2026-07-13
US97717W1099,2026-07-13
US00162Q4780,2026-07-13
US97717W8029,2026-07-13
US74347G1765,2026-07-13
US66538J2906,2026-07-13
US92189H1023,2026-07-13
US23908L2079,2026-07-13
US25460E7379,2026-07-13
US25461A1896,2026-07-13
US33741L2079,2026-07-13
US33741L1089,2026-07-13
US4642871689,2026-07-13
US4642862936,2026-07-13
US4642863199,2026-07-13
US46138E8425,2026-07-13
US00768Y4796,2026-07-13
US23908L3069,2026-07-13
US97717W7039,2026-07-13
US97717Y7748,2026-07-13
US00768Y5298,2026-07-13
US00768Y4879,2026-07-13
US78463X7729,2026-07-13
LU0328473581,2026-07-13
US74347G3746,2026-07-13
US97717W8516,2026-07-13
LU0322251520,2026-07-13
LU0292101796,2026-07-13
LU0292106753,2026-07-13
LU0290358653,2026-07-13
LU0321462870,2026-07-13
LU0321463258,2026-07-13
LU0321463506,2026-07-13
US09290C1036,2026-07-13
LU1104582231,2026-07-13
LU0635178014,2026-07-13
DE000ETF9017,2026-07-13
LU2198884491,2026-07-13
JE00B6VG2P72,2026-07-13
US46436E6683,2026-07-13
US46436E6923,2026-07-13
US46436E6840,2026-07-13
US46436E6766,2026-07-13
US45782C3593,2026-07-13
US2330512185,2026-07-13
US00768Y3889,2026-07-13
US37954Y4677,2026-07-13
US78464A3914,2026-07-13
JE00B766LB87,2026-07-13
LU1199448058,2026-07-13
US4642866408,2026-07-13
JE00B3VJDN05,2026-07-13
US46429B2007,2026-07-13
LU0721553864,2026-07-13
JE00B6TK3K31,2026-07-13
US19762B5093,2026-07-13
US69374H8658,2026-07-13
JE00B6RV6N28,2026-07-13
JE00B3ZQRP79,2026-07-13
JE00B70DCH80,2026-07-13
US25490K2814,2026-07-13
US46429B5232,2026-07-13
US78463X5335,2026-07-13
IE00BF2PG656,2026-07-13
US00162Q6686,2026-07-13
US33733A2015,2026-07-13
US9219107094,2026-07-13
US25461H8613,2026-07-13
IE00BHZPJ122,2026-07-13
LU1859445063,2026-07-13
US46138E2972,2026-07-13
US4642864262,2026-07-13
US26922A5864,2026-07-13
US46138E2899,2026-07-13
US4642864759,2026-07-13
US4642865335,2026-07-13
US78470E2054,2026-07-13
LU1291109293,2026-07-13
LU1291091228,2026-07-13
US97717W5629,2026-07-13
LU1792117340,2026-07-13
US74347X3026,2026-07-13
US74350P6346,2026-07-13
LU1291100664,2026-07-13
US4642874659,2026-07-13
US74347B8393,2026-07-13
US37954Y6995,2026-07-13
US46429B6891,2026-07-13
US78470E1064,2026-07-13
JE00B460QR00,2026-07-13
IE00BD5KGK77,2026-07-13
US4642888857,2026-07-13
IE00BMW3NY56,2026-07-13
IE00BFG1RG61,2026-07-13
US78468R5312,2026-07-13
US46429B5158,2026-07-13
IE00BDRTCP90,2026-07-13
US74347X5005,2026-07-13
US74349Y7388,2026-07-13
US4642888774,2026-07-13
US74347R3701,2026-07-13
JE00BMM1XC77,2026-07-13
US46429B3096,2026-07-13
JE00B63MJ075,2026-07-13
US92189H8705,2026-07-13
US46429B5075,2026-07-13
US4642866325,2026-07-13
US45782C5168,2026-07-13
US45782C7149,2026-07-13
DE000ETFL086,2026-07-13
DE000ETFL102,2026-07-13
US97717X8671,2026-07-13
DE000ETFL458,2026-07-13
DE000ETFL516,2026-07-13
LU1481202775,2026-07-13
US4642882819,2026-07-13
US37954Y3505,2026-07-13
LU1686831030,2026-07-13
US97717X7848,2026-07-13
US74347B8476,2026-07-13
LU1650490474,2026-07-13
US46434G8895,2026-07-13
US78468R5155,2026-07-13
US4642862852,2026-07-13
US4642882165,2026-07-13
IE00B7MXFZ59,2026-07-13
US92189H3003,2026-07-13
US33738D1019,2026-07-13
US97717Y7821,2026-07-13
LU0705291903,2026-07-13
US72201R6430,2026-07-13
LU1377382012,2026-07-13
US3015058890,2026-07-13
IE00B3LK4Z20,2026-07-13
US78470P3091,2026-07-13
US74347B3675,2026-07-13
LU1169820641,2026-07-13
US46434G7640,2026-07-13
US46436E7426,2026-07-13
PLENEA000013,2026-07-13
LU0533032420,2026-07-13
US00162Q6769,2026-07-13
JE00B6XL6W59,2026-07-13
US46429B4995,2026-07-13
US4642891232,2026-07-13
US46429B4086,2026-07-13
US97717W4226,2026-07-13
US46429B6065,2026-07-13
US4642866655,2026-07-13
US45783Y8223,2026-07-13
US97717W5884,2026-07-13
US74349Y7206,2026-07-13
US46138E4200,2026-07-13
IE00BYVTMW98,2026-07-13
US19761L8542,2026-07-13
US00162Q2057,2026-07-13
US74347B3915,2026-07-13
US46137V4499,2026-07-13
US25460G1792,2026-07-13
LU1812090899,2026-07-13
US2330517135,2026-07-13
US33939L6965,2026-07-13
US46435G5163,2026-07-13
US46434G8630,2026-07-13
US33939L6882,2026-07-13
US46435G4257,2026-07-13
US9219107334,2026-07-13
US2330517473,2026-07-13
US46435U6635,2026-07-13
JE00B6SLJ210,2026-07-13
US92189F1140,2026-07-13
LU2018760954,2026-07-13
JE00B6X05031,2026-07-13
LU1931974692,2026-07-13
LU1931974858,2026-07-13
US0321085575,2026-07-13
IE00BYQJ1388,2026-07-13
FR0011869395,2026-07-13
JE00B68GR111,2026-07-13
US97717X6105,2026-07-13
US74347B5407,2026-07-13
US4642891802,2026-07-13
LU1900069300,2026-07-13
US74349Y7461,2026-07-13
US74347W8828,2026-07-13
US25459Y2809,2026-07-13
US4642866812,2026-07-13
US46436E6196,2026-07-13
LU1377381980,2026-07-13
US92189F3047,2026-07-13
US4642867562,2026-07-13
US46434G8309,2026-07-13
US46435U3749,2026-07-13
US4642863017,2026-07-13
US4642867497,2026-07-13
FR0011869353,2026-07-13
US4642862027,2026-07-13
US4642867646,2026-07-13
US46434G7806,2026-07-13
US46434G7723,2026-07-13
AR0406299526,2026-07-13
US74349Y7123,2026-07-13
US4642868222,2026-07-13
US4642867729,2026-07-13
US4642864007,2026-07-13
US4642891315,2026-07-13
IE00BD5J2G21,2026-07-13
US4642887297,2026-07-13
US1320617061,2026-07-13
IE00BD49R912,2026-07-13
US74347X7084,2026-07-13
US97717W5702,2026-07-13
JE00B78NNM23,2026-07-13
US4642866085,2026-07-13
US33740Y1010,2026-07-13
US33733C1080,2026-07-13
IE00BYVTN047,2026-07-13
US33733F1012,2026-07-13
US46435G4745,2026-07-13
US33736G1067,2026-07-13
US33740F8620,2026-07-13
US3160923526,2026-07-13
US3160923450,2026-07-13
US9026777808,2026-07-13
US3161883091,2026-07-13
IE00BL0L0H60,2026-07-13
US33737J1337,2026-07-13
US33737J1410,2026-07-13
US33739P8639,2026-07-13
US33733E8075,2026-07-13
US3160928731,2026-07-13
US3161881012,2026-07-13
US3160923864,2026-07-13
JE00B24DLX86,2026-07-13
US33733E8729,2026-07-13
US33739Q5071,2026-07-13
US33735T1097,2026-07-13
US3160925430,2026-07-13
US3160925356,2026-07-13
US0250728104,2026-07-13
US3160926180,2026-07-13
US3160922049,2026-07-13
US02072L4178,2026-07-13
US3160928244,2026-07-13
US3160928160,2026-07-13
US33734X7701,2026-07-13
US3160928327,2026-07-13
US33737J1741,2026-07-13
US33737J4067,2026-07-13
US31423L3050,2026-07-13
US3160928400,2026-07-13
US2103228712,2026-07-13
US33737J1824,2026-07-13
US33739P2020,2026-07-13
US33737J3077,2026-07-13
US3160924029,2026-07-13
US33737J1170,2026-07-13
DE000A2PBZX9,2026-07-13
US33734K1097,2026-07-13
US78463X2027,2026-07-13
US33740F7630,2026-07-13
US84858T2024,2026-07-13
US14016P2065,2026-07-13
US33734X2009,2026-07-13
US33737J1907,2026-07-13
US3160926008,2026-07-13
US33738R6624,2026-07-13
US33738R6889,2026-07-13
US3160927253,2026-07-13
US3160927097,2026-07-13
US3161886060,2026-07-13
LU1834984798,2026-07-13
US37954Y8140,2026-07-13
US78470P5070,2026-07-13
US78468R6716,2026-07-13
US3160927170,2026-07-13
US33733B1008,2026-07-13
US33740F8059,2026-07-13
US33737J1584,2026-07-13
US33740U2087,2026-07-13
US33740F7226,2026-07-13
US35473P8436,2026-07-13
US35473P6604,2026-07-13
US35473P5952,2026-07-13
US35473P8352,2026-07-13
US35473P8279,2026-07-13
US35473P5531,2026-07-13
US35473P8196,2026-07-13
US35473P6034,2026-07-13
US3161884081,2026-07-13
US35473P6521,2026-07-13
IE00BFWXDW46,2026-07-13
US35473P6786,2026-07-13
US35473P7859,2026-07-13
US35473P4880,2026-07-13
US35473P7776,2026-07-13
US35473P6299,2026-07-13
US35473P6117,2026-07-13
US35473P7693,2026-07-13
US35473P6372,2026-07-13
US35473P7446,2026-07-13
US35473P7107,2026-07-13
US35473P5614,2026-07-13
US35473P8501,2026-07-13
US35473P8683,2026-07-13
US35473P7362,2026-07-13
US33737J1253,2026-07-13
US46429B6552,2026-07-13
US35473P8014,2026-07-13
US35473P8840,2026-07-13
US35473P8766,2026-07-13
US3160923781,2026-07-13
US78468R2004,2026-07-13
US69374H4285,2026-07-13
US35473P7289,2026-07-13
US35473P5879,2026-07-13
US35473P5465,2026-07-13
US35473P6943,2026-07-13
US3161882002,2026-07-13
LU2018760012,2026-07-13
US92189F4862,2026-07-13
LU2018761762,2026-07-13
US35473P6869,2026-07-13
US35473P4963,2026-07-13
US0250727940,2026-07-13
IE00BF2B0N83,2026-07-13
US46092D4346,2026-07-13
US4642861458,2026-07-13
US3160923294,2026-07-13
US3160928814,2026-07-13
US33740F7481,2026-07-13
US33739N1081,2026-07-13
US33739G1031,2026-07-13
US33739P3010,2026-07-13
US3160925018,2026-07-13
US8085247638,2026-07-13
US8085247893,2026-07-13
US8085247489,2026-07-13
US8085247307,2026-07-13
US8085247554,2026-07-13
US8085247711,2026-07-13
US06368M2035,2026-07-13
US0636798565,2026-07-13
US0636793855,2026-07-13
US33737M2017,2026-07-13
US33740F8471,2026-07-13
US33735B1089,2026-07-13
US33737M1027,2026-07-13
US33740F6640,2026-07-13
US26923N3061,2026-07-13
US46435U3335,2026-07-13
US33737J1097,2026-07-13
US33739E1082,2026-07-13
US33739P8555,2026-07-13
US3160923112,2026-07-13
US3369201039,2026-07-13
US33734X7883,2026-07-13
US33734X8535,2026-07-13
US3160927907,2026-07-13
US02072L6074,2026-07-13
US3160928574,2026-07-13
US33734G1085,2026-07-13
US0155641071,2026-07-13
US3161887050,2026-07-13
US33740U3077,2026-07-13
US33739P8308,2026-07-13
US3160925273,2026-07-13
US3160922791,2026-07-13
US3160923039,2026-07-13
US33737J2327,2026-07-13
US33735J1016,2026-07-13
US33734X8121,2026-07-13
US33735K1088,2026-07-13
US33733E1047,2026-07-13
IE00BL0L0D23,2026-07-13
US3160928087,2026-07-13
US33739H1014,2026-07-13
US33738R3084,2026-07-13
US33739P1030,2026-07-13
US33734X8386,2026-07-13
US3535061085,2026-07-13
US33738D3098,2026-07-13
US33739Q4082,2026-07-13
US33738R8521,2026-07-13
US33738R8372,2026-07-13
US33738R8117,2026-07-13
US33738R8455,2026-07-13
US33738R8604,2026-07-13
US33738R7952,2026-07-13
US33740J1043,2026-07-13
US00777X6601,2026-07-13
US3160928657,2026-07-13
US33738R6053,2026-07-13
US3160927824,2026-07-13
US33738R8786,2026-07-13
US46090N1037,2026-07-13
US46138M1099,2026-07-13
US46138T1043,2026-07-13
US33734X1019,2026-07-13
US46138K1034,2026-07-13
US46138R1086,2026-07-13
US33734X1191,2026-07-13
US33734X1431,2026-07-13
US4642871846,2026-07-13
US33734X1761,2026-07-13
US33734X1274,2026-07-13
US33734X1357,2026-07-13
US74350P5769,2026-07-13
US33734X1506,2026-07-13
US33734X1845,2026-07-13
US46138W1071,2026-07-13
US33734X1688,2026-07-13
US33737M3007,2026-07-13
US1320613003,2026-07-13
US33737M4096,2026-07-13
US33734Y1091,2026-07-13
US1320616071,2026-07-13
IE00BJ5CMD00,2026-07-13
US78467V4005,2026-07-13
US0321086151,2026-07-13
JE00BMM1XD84,2026-07-13
US4642885960,2026-07-13
US3814305294,2026-07-13
US46138G6237,2026-07-13
US85208P8656,2026-07-13
LU1602144229,2026-07-13
US38149W1018,2026-07-13
US69374H7098,2026-07-13
KYG407051088,2026-07-13
US02072L8708,2026-07-13
US92189F1066,2026-07-13
US06368M3025,2026-07-13
US92189F7915,2026-07-13
US0636795421,2026-07-13
US3814302069,2026-07-13
IE00BDR5GV14,2026-07-13
US36261K2024,2026-07-13
US3814304537,2026-07-13
LU2099296274,2026-07-13
US4642861789,2026-07-13
US3814304792,2026-07-13
US78463X8552,2026-07-13
US38149W8203,2026-07-13
US78463V1070,2026-07-13
US00110G6061,2026-07-13
US92189F7675,2026-07-13
US74347Y6986,2026-07-13
US66538H3690,2026-07-13
IE00BG0TQ445,2026-07-13
IE00BG0TQD32,2026-07-13
IE00BG0TQC25,2026-07-13
US0032631006,2026-07-13
US78463X3017,2026-07-13
US1320615081,2026-07-13
LU1446552496,2026-07-13
LU1861136247,2026-07-13
US46429B3336,2026-07-13
US37960A2143,2026-07-13
US78463X5418,2026-07-13
US37954Y8637,2026-07-13
LU2099288503,2026-07-13
IE00BD49RJ15,2026-07-13
LU2099289147,2026-07-13
US46429B2676,2026-07-13
US46438T2006,2026-07-13
US33939L7872,2026-07-13
US37954Y3190,2026-07-13
US33737A1088,2026-07-13
US92189F1710,2026-07-13
US3814301640,2026-07-13
US3814303059,2026-07-13
US3814304388,2026-07-13
US46428R1077,2026-07-13
US3814301806,2026-07-13
US3814301079,2026-07-13
US38149W5076,2026-07-13
US3814304040,2026-07-13
US3814305039,2026-07-13
IE00BD8KRH84,2026-07-13
US8863648353,2026-07-13
US3814302309,2026-07-13
US46090A8870,2026-07-13
US3814303620,2026-07-13
US46090A8045,2026-07-13
US33939L4077,2026-07-13
US37950E3412,2026-07-13
US25460G5009,2026-07-13
US1320614092,2026-07-13
US4642886125,2026-07-13
US3814305450,2026-07-13
US78463X8719,2026-07-13
US78463X4007,2026-07-13
US04273H1041,2026-07-13
IE00B64PTF05,2026-07-13
IE00B5W34K94,2026-07-13
IE00B5LP3W10,2026-07-13
IE00B5BRQB73,2026-07-13
IE00B5LJZQ16,2026-07-13
IE00B57S5Q22,2026-07-13
IE00B3QMYK80,2026-07-13
IE00B3X3R831,2026-07-13
IE00B4TS3815,2026-07-13
IE00BDFBTK17,2026-07-13
US0321086649,2026-07-13
US78468R6898,2026-07-13
US92189F8418,2026-07-13
US45409B3217,2026-07-13
US2330518463,2026-07-13
US46435G8472,2026-07-13
US44053A6304,2026-07-13
US41653L7010,2026-07-13
US2330515980,2026-07-13
IE00BYVTMX06,2026-07-13
US2330516301,2026-07-13
US74347X2945,2026-07-13
US00768Y4127,2026-07-13
US90269A4849,2026-07-13
US33739P8712,2026-07-13
US46429B6636,2026-07-13
US97717X7012,2026-07-13
US46434G5099,2026-07-13
US46434V8037,2026-07-13
US53656F5998,2026-07-13
US35473P5200,2026-07-13
US69374H6595,2026-07-13
US37954Y3927,2026-07-13
US46434V7047,2026-07-13
US46434V8862,2026-07-13
US46434V6395,2026-07-13
US45409B5600,2026-07-13
US25460G8565,2026-07-13
US25461H5569,2026-07-13
US38747R3066,2026-07-13
US25460G6171,2026-07-13
US4448691018,2026-07-13
US53656F6079,2026-07-13
US5184168053,2026-07-13
US41653L5030,2026-07-13
US86280R5063,2026-07-13
GB00B15KXZ70,2026-07-13
US41151J6203,2026-07-13
US26922A2309,2026-07-13
US46435G8399,2026-07-13
US33741Y1001,2026-07-13
US41653L4041,2026-07-13
US3015057231,2026-07-13
US41653L3050,2026-07-13
US14064D5196,2026-07-13
US33739P8894,2026-07-13
US46435U4739,2026-07-13
US92189H4092,2026-07-13
US46435G2509,2026-07-13
US2330512672,2026-07-13
US92189F3534,2026-07-13
US4642885135,2026-07-13
US46431W6066,2026-07-13
US33939L6627,2026-07-13
US74348A5415,2026-07-13
US97717K7744,2026-07-13
US2330514322,2026-07-13
US33738D4088,2026-07-13
US78464A2841,2026-07-13
US72201R7834,2026-07-13
LU1617164055,2026-07-13
LU1617164212,2026-07-13
US66538R7228,2026-07-13
US2330512599,2026-07-13
US46435G4414,2026-07-13
US97717W4309,2026-07-13
US46435G6724,2026-07-13
US4642887941,2026-07-13
US4642887867,2026-07-13
US45782C3676,2026-07-13
US4642887784,2026-07-13
US4642852044,2026-07-13
US46431W6140,2026-07-13
US4642875565,2026-07-13
US46138G5999,2026-07-13
US66538H6339,2026-07-13
US46434VBG41,2026-07-13
US46434VBD10,2026-07-13
US46435GAA04,2026-07-13
US46435UAA97,2026-07-13
US46435U5157,2026-07-13
US46436E2054,2026-07-13
US46436E7269,2026-07-13
FR0011042753,2026-07-13
US46435U1842,2026-07-13
US46435U1685,2026-07-13
US46436E5289,2026-07-13
US46435U6973,2026-07-13
US46435U4325,2026-07-13
US46435U2592,2026-07-13
US46435U2832,2026-07-13
US46435U3251,2026-07-13
US78464A1512,2026-07-13
US46436E8747,2026-07-13
US46436E8663,2026-07-13
US46436E8580,2026-07-13
US46436E8416,2026-07-13
US46436E8333,2026-07-13
US46436E8259,2026-07-13
US46436E5933,2026-07-13
US0321081020,2026-07-13
US4642875649,2026-07-13
US4642882249,2026-07-13
US69374H8732,2026-07-13
US46434V8789,2026-07-13
US46435G1022,2026-07-13
IE00B0M63953,2026-07-13
US46435G3267,2026-07-13
US19453N7883,2026-07-13
US46138E2147,2026-07-13
IE00B0M62T89,2026-07-13
US46138E2303,2026-07-13
US46138E2220,2026-07-13
US46435U1925,2026-07-13
US00162Q7189,2026-07-13
US46435U3665,2026-07-13
US4642876977,2026-07-13
US4642884484,2026-07-13
US92189F8335,2026-07-13
US46431W6637,2026-07-13
US4642874402,2026-07-13
US46432F8427,2026-07-13
US4642886612,2026-07-13
US46434G1031,2026-07-13
IE00B2NPL135,2026-07-13
US4642888519,2026-07-13
US46431W6488,2026-07-13
US46434V7385,2026-07-13
US4642884971,2026-07-13
US4642878619,2026-07-13
US4642888444,2026-07-13
US4642884898,2026-07-13
US46435U7138,2026-07-13
US33738R8869,2026-07-13
US74255Y8214,2026-07-13
IE00BKW9SV11,2026-07-13
US46431W8120,2026-07-13
US4642873743,2026-07-13
US46435G2194,2026-07-13
US4642883726,2026-07-13
US74347B6074,2026-07-13
US4642886380,2026-07-13
US4642895118,2026-07-13
US33733E8562,2026-07-13
IE00B4WXJK79,2026-07-13
US4642875490,2026-07-13
US4642881175,2026-07-13
US46435G5247,2026-07-13
US4642886463,2026-07-13
US4642875151,2026-07-13
US46435U1354,2026-07-13
US97717X5941,2026-07-13
US4642888360,2026-07-13
US4642888105,2026-07-13
US92189F4458,2026-07-13
US46139W5022,2026-07-13
US45782C5242,2026-07-13
US4642875078,2026-07-13
US4642877058,2026-07-13
US4642876068,2026-07-13
US4642878049,2026-07-13
US45782C7222,2026-07-13
US4642873909,2026-07-13
US4642894798,2026-07-13
US4642882082,2026-07-13
US4642883072,2026-07-13
US4642884062,2026-07-13
US46138J4379,2026-07-13
US02072L3006,2026-07-13
US46435G4174,2026-07-13
US46434V4499,2026-07-13
US19762B7073,2026-07-13
US46429B5984,2026-07-13
US3015056407,2026-07-13
LU0533033402,2026-07-13
US25490K3317,2026-07-13
US69374H7668,2026-07-13
US4642895290,2026-07-13
US92107P7649,2026-07-13
US53656F6236,2026-07-13
US35473P4476,2026-07-13
US78467V2025,2026-07-13
US0925282073,2026-07-13
US46434V2741,2026-07-13
US4642875722,2026-07-13
US46434V6965,2026-07-13
US0321086565,2026-07-13
IE00BF5LJ058,2026-07-13
US46138E6445,2026-07-13
US7599372049,2026-07-13
LU2023679256,2026-07-13
US33939L8110,2026-07-13
US33939L8375,2026-07-13
US97717X1312,2026-07-13
US33939L8292,2026-07-13
LU1603795292,2026-07-13
US45409B3621,2026-07-13
US46434V4564,2026-07-13
US35473P5127,2026-07-13
LU1603797074,2026-07-13
US45409B4538,2026-07-13
US45409B4611,2026-07-13
US4642885051,2026-07-13
US4642886042,2026-07-13
US4642887032,2026-07-13
US4642881258,2026-07-13
US66538H6412,2026-07-13
US92189F6354,2026-07-13
IE00BP3QZG05,2026-07-13
US46432F8591,2026-07-13
PLCTHQM00018,2026-07-13
US46436E5107,2026-07-13
US0321088215,2026-07-13
US46435G5080,2026-07-13
US4642887602,2026-07-13
FR0011758085,2026-07-13
US4642887529,2026-07-13
IE00BYMB4Q22,2026-07-13
US0321085997,2026-07-13
US92189H2013,2026-07-13
US4642871507,2026-07-13
US46138J7422,2026-07-13
US46434V6130,2026-07-13
US4642876712,2026-07-13
US4642876639,2026-07-13
US02072L2016,2026-07-13
US4642874089,2026-07-13
US9479131099,2026-07-13
US46435G4091,2026-07-13
US9219328690,2026-07-13
US5007677363,2026-07-13
US9219328856,2026-07-13
US9219328443,2026-07-13
US46090A7880,2026-07-13
US4642872000,2026-07-13
US4642873099,2026-07-13
US4642876225,2026-07-13
US4642875987,2026-07-13
US90278V1070,2026-07-13
US46436E5859,2026-07-13
US90278V3050,2026-07-13
US4642894467,2026-07-13
US90278V4041,2026-07-13
US4642876308,2026-07-13
US4642874998,2026-07-13
US4642874733,2026-07-13
US4642894202,2026-07-13
US4642894384,2026-07-13
US4642873412,2026-07-13
US4642873339,2026-07-13
US4642873255,2026-07-13
US4642872919,2026-07-13
US4642872752,2026-07-13
US46432F8344,2026-07-13
US4642877967,2026-07-13
US4642877884,2026-07-13
US4642877702,2026-07-13
US4642877629,2026-07-13
US4642877546,2026-07-13
US46432F8757,2026-07-13
US4642878387,2026-07-13
US4642877397,2026-07-13
US4642877215,2026-07-13
US4642878460,2026-07-13
US4642877132,2026-07-13
US00214Q6098,2026-07-13
US47103U8457,2026-07-13
US2103226815,2026-07-13
US46641Q6706,2026-07-13
US46654Q6585,2026-07-13
US25461A1714,2026-07-13
US46641Q2663,2026-07-13
US46641Q3323,2026-07-13
US26922A8421,2026-07-13
IE00BD9MMC32,2026-07-13
IE00BG47J908,2026-07-13
US47804J8181,2026-07-13
US47804J8348,2026-07-13
US47804J8595,2026-07-13
US47804J1079,2026-07-13
US47804J2069,2026-07-13
US47804J7431,2026-07-13
US47804J8421,2026-07-13
IE00BKV0QF55,2026-07-13
IE00BL0BLZ15,2026-07-13
US46641Q3240,2026-07-13
US06738C8284,2026-07-13
US47103U8523,2026-07-13
US46641Q7795,2026-07-13
US46641Q6540,2026-07-13
US46641Q6474,2026-07-13
US78468R6229,2026-07-13
US25460G8318,2026-07-13
US92790A5048,2026-07-13
LU1681047665,2026-07-13
US46641Q3083,2026-07-13
LU1169822936,2026-07-13
US46654Q6338,2026-07-13
US46641Q8520,2026-07-13
US46641Q2093,2026-07-13
US46641Q7464,2026-07-13
US46641Q8868,2026-07-13
LU1254453738,2026-07-13
US46641Q8454,2026-07-13
LU1273488475,2026-07-13
US46641Q8371,2026-07-13
IE00BJRCLK89,2026-07-13
US46641Q4073,2026-07-13
LU1646359452,2026-07-13
LU1646359619,2026-07-13
US4642873826,2026-07-13
US46641Q7613,2026-07-13
US46641Q2747,2026-07-13
US47103U2096,2026-07-13
US47103U1007,2026-07-13
US8863648767,2026-07-13
US2103228225,2026-07-13
US3814303968,2026-07-13
US46641Q7530,2026-07-13
US4642887115,2026-07-13
US5007678015,2026-07-13
US5007678270,2026-07-13
US5007674055,2026-07-13
IE00BJLFK515,2026-07-13
US78464A7972,2026-07-13
US46138E6288,2026-07-13
US46138E6106,2026-07-13
US46138E5868,2026-07-13
US46138E5942,2026-07-13
US78464A7717,2026-07-13
US5007678767,2026-07-13
US5007677694,2026-07-13
IE00BKPT4N29,2026-07-13
US5007678502,2026-07-13
US78464A7899,2026-07-13
US45782C4740,2026-07-13
US5007676522,2026-07-13
US33739Q7051,2026-07-13
US45782C5994,2026-07-13
US3015057645,2026-07-13
US2330511351,2026-07-13
US74347Y8131,2026-07-13
US78468R6484,2026-07-13
US0250721091,2026-07-13
US25461A3876,2026-07-13
US78464A6982,2026-07-13
US37954Y7316,2026-07-13
US46434V4234,2026-07-13
US5007676944,2026-07-13
US5007678353,2026-07-13
LU0378818560,2026-07-13
US5007676456,2026-07-13
US5007673065,2026-07-13
US46436E8176,2026-07-13
US4642887370,2026-07-13
FR0010342592,2026-07-13
US25461H8530,2026-07-13
US25460G1206,2026-07-13
JE00B2NFT427,2026-07-13
JE00B2NFTC05,2026-07-13
LU1900066629,2026-07-13
US8863648502,2026-07-13
JE00BDD9QD91,2026-07-13
JE00B2NFTL95,2026-07-13
JE00B2NFTD12,2026-07-13
US66538H3856,2026-07-13
JE00B2NFV803,2026-07-13
JE00B2NFTF36,2026-07-13
JE00B2NFTG43,2026-07-13
US56167R6062,2026-07-13
US09290C6084,2026-07-13
US09290C5094,2026-07-13
LU1781540957,2026-07-13
LU1781541179,2026-07-13
IE00BWC52F58,2026-07-13
US46436E6014,2026-07-13
US33740F8703,2026-07-13
US72201R7180,2026-07-13
US8296583011,2026-07-13
JE00B2QY0436,2026-07-13
US33741X2018,2026-07-13
US4642865178,2026-07-13
LU1769088581,2026-07-13
LU1792117696,2026-07-13
LU1792117779,2026-07-13
FR0010446658,2026-07-13
US92189F1488,2026-07-13
IE00B4TXPP71,2026-07-13
US66538R7301,2026-07-13
US78468R8043,2026-07-13
US33738D6067,2026-07-13
US37954Y8553,2026-07-13
US33939L7534,2026-07-13
US33739Q2003,2026-07-13
LU1834988195,2026-07-13
LU1901001542,2026-07-13
JE00BDD9Q956,2026-07-13
JE00BDD9QB77,2026-07-13
JE00BDD9Q840,2026-07-13
US36261K1034,2026-07-13
US45782C8626,2026-07-13
JE00BDD9Q733,2026-07-13
LU1834988351,2026-07-13
JE00B2NFV134,2026-07-13
LU1812091947,2026-07-13
US4642872422,2026-07-13
US46431W7056,2026-07-13
US46431W5803,2026-07-13
LU1834988435,2026-07-13
US5246822002,2026-07-13
US46434V2824,2026-07-13
US2103227565,2026-07-13
LU1923627092,2026-07-13
US90214Q7741,2026-07-13
US90214Q6917,2026-07-13
JE00B2NFTS64,2026-07-13
JE00B2NFTW01,2026-07-13
US74347R2638,2026-07-13
US72201R3049,2026-07-13
US52468L4068,2026-07-13
US52468L5057,2026-07-13
US0250725134,2026-07-13
JE00BDD9QC84,2026-07-13
LU1812091517,2026-07-13
LU0533033824,2026-07-13
LU1812091350,2026-07-13
LU1081771369,2026-07-13
LU0533034129,2026-07-13
LU0533034558,2026-07-13
FR0010869438,2026-07-13
FR0010251744,2026-07-13
LU1900067437,2026-07-13
FR0010296061,2026-07-13
US26922A6284,2026-07-13
US33740J2033,2026-07-13
US2103228639,2026-07-13
US2103228480,2026-07-13
US4642885887,2026-07-13
US92189H8549,2026-07-13
US78470P7050,2026-07-13
US33939L7799,2026-07-13
US46429B6719,2026-07-13
US33738R1005,2026-07-13
US78467Y1073,2026-07-13
US78464A8210,2026-07-13
US78464A8392,2026-07-13
US46431W8385,2026-07-13
US25460E2818,2026-07-13
LU0908501132,2026-07-13
US72202L3713,2026-07-13
US72202L3895,2026-07-13
US72202L3630,2026-07-13
US9219108738,2026-07-13
US9219108167,2026-07-13
US90470L5509,2026-07-13
US9219108407,2026-07-13
US0250727601,2026-07-13
US2330511278,2026-07-13
US92189H8622,2026-07-13
US89834G8362,2026-07-13
US72201R8337,2026-07-13
US26924G5080,2026-07-13
IE00BK63RN45,2026-07-13
US92189F5364,2026-07-13
US37954Y3430,2026-07-13
US90274D3825,2026-07-13
IE00BHZKHS06,2026-07-13
US90269A2785,2026-07-13
US37954Y2937,2026-07-13
US61760E8460,2026-07-13
US45409F8436,2026-07-13
US45409F8279,2026-07-13
US33740F7895,2026-07-13
US78468R7052,2026-07-13
US45409B8000,2026-07-13
US92189F6438,2026-07-13
LU1481201538,2026-07-13
US92189F7006,2026-07-13
LU1093307442,2026-07-13
US25460G7328,2026-07-13
US92189F4524,2026-07-13
US92189F5935,2026-07-13
US4020318766,2026-07-13
US4020318683,2026-07-13
US74348A5662,2026-07-13
US66538J7202,2026-07-13
IE00BFWMQ331,2026-07-13
LU0908501215,2026-07-13
US00768Y4531,2026-07-13
US26922B1052,2026-07-13
US26922A1566,2026-07-13
US97717Y7250,2026-07-13
US90278V6020,2026-07-13
US46432F3964,2026-07-13
US4642884146,2026-07-13
US72201R8667,2026-07-13
US19761L6074,2026-07-13
LU1237527160,2026-07-13
LU1646362167,2026-07-13
US90269A3445,2026-07-13
IE00BHNGHX58,2026-07-13
US74347R4048,2026-07-13
LU1437016972,2026-07-13
US4642886950,2026-07-13
US74347B2503,2026-07-13
US74347G5808,2026-07-13
IE00BVGC6751,2026-07-13
US45259A2096,2026-07-13
US25490K5965,2026-07-13
US78463X1524,2026-07-13
DE0007458804,2026-07-13
US46431W5076,2026-07-13
US53656F7069,2026-07-13
US26922A2481,2026-07-13
US26923G7079,2026-07-13
US33939L7955,2026-07-13
US33737J8027,2026-07-13
GB00B15KY104,2026-07-13
US37954Y6656,2026-07-13
US45782C4666,2026-07-13
US92189F6016,2026-07-13
US74348A4673,2026-07-13
US45782C6158,2026-07-13
US37950E1010,2026-07-13
US0636793285,2026-07-13
US0636794275,2026-07-13
US97717Y7904,2026-07-13
US67092P1021,2026-07-13
US67092P8703,2026-07-13
US67092P8059,2026-07-13
US67092P8885,2026-07-13
US25460G7815,2026-07-13
US67092P8547,2026-07-13
US67092P8620,2026-07-13
US67092P2011,2026-07-13
US67092P3001,2026-07-13
US67092P4090,2026-07-13
US67092P5089,2026-07-13
US67092P7069,2026-07-13
US67092P1104,2026-07-13
US67092P6079,2026-07-13
US33737K2050,2026-07-13
US4642883239,2026-07-13
US5007678684,2026-07-13
NO0010257801,2026-07-13
SE0009723026,2026-07-13
SE0009723000,2026-07-13
SE0009723034,2026-07-13
US26922A7274,2026-07-13
US2103227805,2026-07-13
US00162Q3618,2026-07-13
US92189H6071,2026-07-13
US74347G8042,2026-07-13
US46138J6192,2026-07-13
US46138J5939,2026-07-13
US78468R7623,2026-07-13
US3159128087,2026-07-13
US78468R7540,2026-07-13
US78468R7706,2026-07-13
US74347B1695,2026-07-13
US37954Y1947,2026-07-13
US26922A4537,2026-07-13
US26922A4461,2026-07-13
IE00BJBLDK52,2026-07-13
US00162Q3873,2026-07-13
US00162Q3956,2026-07-13
US53656F8620,2026-07-13
US53656F8703,2026-07-13
US53656F8059,2026-07-13
US53656F5816,2026-07-13
US53656F8547,2026-07-13
US53656F8885,2026-07-13
US53656F5733,2026-07-13
IE00BF4Q4063,2026-07-13
FR0013412293,2026-07-13
FR0013412012,2026-07-13
US69344A7019,2026-07-13
LU2198883410,2026-07-13
LU2198882362,2026-07-13
FR0013412020,2026-07-13
FR0011869312,2026-07-13
FR0011871144,2026-07-13
US37954Y3356,2026-07-13
FR0013412004,2026-07-13
US69374H8161,2026-07-13
US0032621023,2026-07-13
US69374H7254,2026-07-13
US45782C8709,2026-07-13
US45782C6802,2026-07-13
US37954Y6730,2026-07-13
US74348A1455,2026-07-13
US46138G8472,2026-07-13
US46137V7872,2026-07-13
US46137V7534,2026-07-13
US46137V3996,2026-07-13
US46138E4952,2026-07-13
US46138E4614,2026-07-13
US46137V1347,2026-07-13
US46138E4044,2026-07-13
FR0013412038,2026-07-13
US46138E7849,2026-07-13
US46090F1003,2026-07-13
US45782C5408,2026-07-13
FR0011869270,2026-07-13
US46138E7351,2026-07-13
US46137V8375,2026-07-13
IE00BDVJF675,2026-07-13
FR0013412285,2026-07-13
FR0011770775,2026-07-13
US46137V7203,2026-07-13
US74348A5332,2026-07-13
US69374H4020,2026-07-13
US46137V5637,2026-07-13
US46137V8037,2026-07-13
US45782C4179,2026-07-13
US4642886877,2026-07-13
US26923G8226,2026-07-13
US37954Y6573,2026-07-13
US90274E1745,2026-07-13
US26923G4001,2026-07-13
US37954Y3760,2026-07-13
US46137V8607,2026-07-13
US46138E6932,2026-07-13
US26922A1988,2026-07-13
US46137V5066,2026-07-13
US92189F4292,2026-07-13
US37950E1929,2026-07-13
US46137V6213,2026-07-13
US46138E6692,2026-07-13
US46137V5710,2026-07-13
US46138E5116,2026-07-13
US46090A7054,2026-07-13
US46137V1420,2026-07-13
US69344A2069,2026-07-13
US46138E6361,2026-07-13
US46137V5488,2026-07-13
US46138E8672,2026-07-13
US26922A1319,2026-07-13
US25460E6462,2026-07-13
FR0011869320,2026-07-13
US46138E6510,2026-07-13
US46138E8755,2026-07-13
US45782C5085,2026-07-13
US46137V6627,2026-07-13
FR0011884121,2026-07-13
FR0011871102,2026-07-13
US45782C8139,2026-07-13
US45782C7487,2026-07-13
US46137V7799,2026-07-13
US46137V3087,2026-07-13
US45782C3833,2026-07-13
US45782C3189,2026-07-13
FR0011869304,2026-07-13
FR0013400256,2026-07-13
US45782C5739,2026-07-13
US46137V5306,2026-07-13
US45782C7974,2026-07-13
US37954Y1459,2026-07-13
US46137V1008,2026-07-13
US92189F6925,2026-07-13
US0032601066,2026-07-13
US26922A5112,2026-07-13
US74255Y7638,2026-07-13
LU2089238468,2026-07-13
US74255Y8883,2026-07-13
IE00BDFBTR85,2026-07-13
US46137V6130,2026-07-13
US46137V5975,2026-07-13
US00214Q5009,2026-07-13
FR0011869387,2026-07-13
US74255Y6077,2026-07-13
US46138E1727,2026-07-13
US46138E1800,2026-07-13
US46138G4745,2026-07-13
US46138E1560,2026-07-13
US46138E1495,2026-07-13
US46138E1230,2026-07-13
US46138G2012,2026-07-13
US46138E1156,2026-07-13
US46138G4091,2026-07-13
US69374H5431,2026-07-13
US69374H5845,2026-07-13
US45782C6562,2026-07-13
US74255Y2019,2026-07-13
US69374H5761,2026-07-13
US69374H5688,2026-07-13
US69374H4772,2026-07-13
US46137V6478,2026-07-13
US78464A2924,2026-07-13
US46137V8862,2026-07-13
US69374H5506,2026-07-13
US69374H5191,2026-07-13
US46137V1180,2026-07-13
FR0011871128,2026-07-13
FR0011871136,2026-07-13
US74349Y8378,2026-07-13
US46090A1016,2026-07-13
IE00B23LNN70,2026-07-13
US69374H6421,2026-07-13
US46137V8110,2026-07-13
US46137V8524,2026-07-13
US69374H6835,2026-07-13
US69374H1059,2026-07-13
US69374H2040,2026-07-13
US69374H3030,2026-07-13
US46137V7955,2026-07-13
US69344A1079,2026-07-13
FR0011869346,2026-07-13
FR0011871110,2026-07-13
US46138G8621,2026-07-13
US46137V7468,2026-07-13
US69374H8401,2026-07-13
US46137V7385,2026-07-13
US46138E2063,2026-07-13
US46137V7617,2026-07-13
US46138E7435,2026-07-13
US46138E7278,2026-07-13
US46137V8789,2026-07-13
US46137Y8729,2026-07-13
US74255Y3009,2026-07-13
US46137V7047,2026-07-13
US46138E5371,2026-07-13
US46138E5298,2026-07-13
US33736Q1040,2026-07-13
US45409B1070,2026-07-13
US46434V7799,2026-07-13
US33733E5006,2026-07-13
US33740F6491,2026-07-13
US33939L8458,2026-07-13
US33939L8607,2026-07-13
IE00BMYDBM76,2026-07-13
US37954Y6169,2026-07-13
IE00BYVJRQ85,2026-07-13
US78463X4346,2026-07-13
US78463X4262,2026-07-13
US0250723071,2026-07-13
US74349Y8295,2026-07-13
US0250724061,2026-07-13
US33939L7468,2026-07-13
US74347R2067,2026-07-13
US46429B2916,2026-07-13
US33939L6544,2026-07-13
US33939L6478,2026-07-13
US33939L6395,2026-07-13
US33740F5816,2026-07-13
US02072L4095,2026-07-13
US00768Y4382,2026-07-13
US3373441050,2026-07-13
US66538R7483,2026-07-13
IE00BLRPRL42,2026-07-13
US25459Y2072,2026-07-13
US46138G6310,2026-07-13
US46138G6492,2026-07-13
US92647X8065,2026-07-13
IE00BLRPRJ20,2026-07-13
US33733E4017,2026-07-13
US30151E7985,2026-07-13
US45783Y5096,2026-07-13
US3373451026,2026-07-13
US26922A4206,2026-07-13
US46432F3394,2026-07-13
US90278V5030,2026-07-13
US78468R8126,2026-07-13
US02072L1026,2026-07-13
IE00BMYDBG17,2026-07-13
US78463X4189,2026-07-13
US37954Y4834,2026-07-13
US37954Y2697,2026-07-13
US92189F1306,2026-07-13
US72201T3427,2026-07-13
US33939L8862,2026-07-13
US00774Q1976,2026-07-13
US19423L7221,2026-07-13
US46138G6567,2026-07-13
US00162Q1067,2026-07-13
US33738R5063,2026-07-13
IE00B5NDLN01,2026-07-13
US19761L7064,2026-07-13
US46434V6478,2026-07-13
US74347B6801,2026-07-13
US00162Q4459,2026-07-13
US74347G3662,2026-07-13
US46435G3424,2026-07-13
US92189H8051,2026-07-13
US97717Y7094,2026-07-13
US97717X2146,2026-07-13
US97717W5967,2026-07-13
US25460G8151,2026-07-13
US19761L8054,2026-07-13
US74350P5686,2026-07-13
US4642885622,2026-07-13
US00162Q5365,2026-07-13
US00162Q5282,2026-07-13
US33739P6088,2026-07-13
US33739P7078,2026-07-13
US33739P8068,2026-07-13
US00162Q5100,2026-07-13
US46137V2170,2026-07-13
US46137V1917,2026-07-13
AR0436041906,2026-07-13
CH0134034849,2026-07-13
CH0134034864,2026-07-13
CH0221616417,2026-07-13
CH0134034930,2026-07-13
CH0134034906,2026-07-13
US00162Q7833,2026-07-13
US74348A8146,2026-07-13
US46434G8556,2026-07-13
US66538H3930,2026-07-13
US78467V1035,2026-07-13
US33738R7796,2026-07-13
US37960A1806,2026-07-13
LU1838002480,2026-07-13
US5184162015,2026-07-13
US3015057074,2026-07-13
US33738R7200,2026-07-13
US5184166073,2026-07-13
US5184161025,2026-07-13
US78468R6302,2026-07-13
US74347R6936,2026-07-13
US86280R8869,2026-07-13
US45409B6285,2026-07-13
US8863648437,2026-07-13
US5184165083,2026-07-13
US8863646035,2026-07-13
US46137V2667,2026-07-13
US46137V2584,2026-07-13
FR0011119171,2026-07-13
US46137V3574,2026-07-13
FR0011119205,2026-07-13
US92189F4037,2026-07-13
US92189F7345,2026-07-13
US19423L7148,2026-07-13
US92189F6842,2026-07-13
US2330517051,2026-07-13
US46138G6641,2026-07-13
US46138G6724,2026-07-13
US46138G6989,2026-07-13
US74348A2107,2026-07-13
US78463X7497,2026-07-13
US78464A6073,2026-07-13
US78463X8636,2026-07-13
US74347G5642,2026-07-13
US4642887453,2026-07-13
US74347R7355,2026-07-13
US37954Y4594,2026-07-13
US46137V1750,2026-07-13
US46137V1677,2026-07-13
IE00B60SWT88,2026-07-13
IE00B60SWV01,2026-07-13
LU1169830525,2026-07-13
LU1437017863,2026-07-13
IE00BHXMHN35,2026-07-13
US74347R8189,2026-07-13
LU2109787478,2026-07-13
LU2109787395,2026-07-13
LU2109787122,2026-07-13
JE00B24DKT75,2026-07-13
US74348A3766,2026-07-13
LU1324516720,2026-07-13
LU2109786744,2026-07-13
US00162Q5936,2026-07-13
LU2109786587,2026-07-13
LU2109786827,2026-07-13
JE00B78DPL57,2026-07-13
JE00B24DKC09,2026-07-13
IE00B60SWZ49,2026-07-13
IE00B60SX063,2026-07-13
US74349Y5309,2026-07-13
US90278V2060,2026-07-13
US8085246077,2026-07-13
US8085241029,2026-07-13
US8085248883,2026-07-13
US8085247067,2026-07-13
US8085248057,2026-07-13
US8085243009,2026-07-13
US8085248479,2026-07-13
US8085246986,2026-07-13
US8085247141,2026-07-13
US8085245087,2026-07-13
US8085248628,2026-07-13
US8085248701,2026-07-13
US8085246804,2026-07-13
US8085248545,2026-07-13
US8085244098,2026-07-13
US8085242019,2026-07-13
US8085246721,2026-07-13
US4642865822,2026-07-13
US8085246499,2026-07-13
DE000A1EK0L3,2026-07-13
US74347Y7976,2026-07-13
JE00B24DK645,2026-07-13
US4642882736,2026-07-13
US90290T8099,2026-07-13
US74347G5725,2026-07-13
US37960A6771,2026-07-13
US46435G5320,2026-07-13
US37960A6698,2026-07-13
US00162Q8583,2026-07-13
US74347G1351,2026-07-13
US74347G2185,2026-07-13
US74350P6676,2026-07-13
US33741X1028,2026-07-13
US78464A7634,2026-07-13
US66538H5919,2026-07-13
US74349Y7610,2026-07-13
US92790A4058,2026-07-13
US2103227987,2026-07-13
LU2037749822,2026-07-13
US8863641739,2026-07-13
US8863644055,2026-07-13
US8863643065,2026-07-13
US85210B2016,2026-07-13
US85210B1026,2026-07-13
US00326A1043,2026-07-13
US46436E7186,2026-07-13
LU0855692520,2026-07-13
LU1040688639,2026-07-13
US74349Y7537,2026-07-13
US97717Y8084,2026-07-13
FR0010591362,2026-07-13
US78468R7474,2026-07-13
US37960A5294,2026-07-13
US78468R7391,2026-07-13
US4642886794,2026-07-13
US4642874576,2026-07-13
US92189F3872,2026-07-13
US46434V4077,2026-07-13
US2330512839,2026-07-13
US74349Y5556,2026-07-13
US37954Y8488,2026-07-13
US0321086490,2026-07-13
JE00B24DKZ36,2026-07-13
US78468R6971,2026-07-13
US0032641088,2026-07-13
US3015056811,2026-07-13
US3015056654,2026-07-13
US3015056993,2026-07-13
US3015056738,2026-07-13
US46432F3709,2026-07-13
US74347R1317,2026-07-13
US78468R4083,2026-07-13
US74347G1500,2026-07-13
US33939L7617,2026-07-13
IE00BDDRF924,2026-07-13
US74347G7887,2026-07-13
US33734X1928,2026-07-13
US46434V1008,2026-07-13
US46428Q1094,2026-07-13
US4642863272,2026-07-13
US92189F2056,2026-07-13
US78464A2015,2026-07-13
US78464A3005,2026-07-13
LU1602145119,2026-07-13
US92189F5281,2026-07-13
US88634W7020,2026-07-13
US74349Y5481,2026-07-13
IE00BJM0B415,2026-07-13
US74347B6983,2026-07-13
US87166N2053,2026-07-13
US92189F6768,2026-07-13
US46429B6149,2026-07-13
US2330511195,2026-07-13
US46434V2907,2026-07-13
US78468R8878,2026-07-13
US46435G2681,2026-07-13
US72201R8741,2026-07-13
US46435G4331,2026-07-13
US74347G2268,2026-07-13
US92189F5026,2026-07-13
LU1681039563,2026-07-13
JE00B24DKH53,2026-07-13
JE00B24DKJ77,2026-07-13
US2330511435,2026-07-13
US37954Y7803,2026-07-13
US37950E4162,2026-07-13
JE00B24DK975,2026-07-13
US25459W4583,2026-07-13
US46138G6153,2026-07-13
US25461H5726,2026-07-13
US4642875235,2026-07-13
IE00BD34DB16,2026-07-13
US78464A6495,2026-07-13
US78464A1447,2026-07-13
US82889N2027,2026-07-13
US25460E8690,2026-07-13
US26922A5948,2026-07-13
US78463X8891,2026-07-13
US78463X5095,2026-07-13
US78463X1037,2026-07-13
US37950E3339,2026-07-13
US78463X4759,2026-07-13
US46137V4317,2026-07-13
US46138E3707,2026-07-13
US46138E3624,2026-07-13
US46137V2410,2026-07-13
US78468R6062,2026-07-13
US78464A3757,2026-07-13
US78464A6560,2026-07-13
US78464A3674,2026-07-13
US46138E3541,2026-07-13
US78464A3831,2026-07-13
US46138E3392,2026-07-13
US46138E3475,2026-07-13
US8863647694,2026-07-13
US78464A4748,2026-07-13
US8863647025,2026-07-13
US78464A6727,2026-07-13
US78464A6644,2026-07-13
US78468R1014,2026-07-13
US82889N3017,2026-07-13
US8863648015,2026-07-13
US25459Y1652,2026-07-13
US46137V4234,2026-07-13
US74347B3188,2026-07-13
US74347B5811,2026-07-13
AR0748859532,2026-07-13
US74347B5738,2026-07-13
US25460E1901,2026-07-13
US74347B5571,2026-07-13
US74350P6593,2026-07-13
US74347B5654,2026-07-13
US78462F1030,2026-07-13
US82889N1037,2026-07-13
US78468R7961,2026-07-13
US90214Q6834,2026-07-13
US52468L8770,2026-07-13
US74350P6759,2026-07-13
US37960A6516,2026-07-13
US78467V6083,2026-07-13
US74347G1435,2026-07-13
US74350P6429,2026-07-13
US69374H7411,2026-07-13
US74350P5843,2026-07-13
JE00B24DKK82,2026-07-13
US87166N3044,2026-07-13
US74347R1077,2026-07-13
US30151E5336,2026-07-13
US86280R8034,2026-07-13
IE00BVZ6SQ11,2026-07-13
US46429B7477,2026-07-13
US42588P6925,2026-07-13
US78470P2002,2026-07-13
LU2018762653,2026-07-13
US72201R2058,2026-07-13
US02072L1778,2026-07-13
US4642881589,2026-07-13
IE00B4QNK008,2026-07-13
IE00BK74KV56,2026-07-13
US4642888022,2026-07-13
US46435U2188,2026-07-13
US46436E5362,2026-07-13
US82889N8636,2026-07-13
US74347W1302,2026-07-13
US0321088884,2026-07-13
US1320612013,2026-07-13
US87166N4034,2026-07-13
US74347G6301,2026-07-13
US69374H6918,2026-07-13
IE00BF2FNL98,2026-07-13
IE00BH05CB83,2026-07-13
IE00BG0J8M66,2026-07-13
IE00BH059L74,2026-07-13
IE00BL6XZW69,2026-07-13
US1320618622,2026-07-13
US46138G7060,2026-07-13
US0250725050,2026-07-13
US74347X8496,2026-07-13
US45782C2355,2026-07-13
US74348A6082,2026-07-13
US87283Q1076,2026-07-13
US33738R1187,2026-07-13
US30151E7233,2026-07-13
US30151E7159,2026-07-13
US33939L6056,2026-07-13
US33939L5066,2026-07-13
US74347G6061,2026-07-13
US87283Q4047,2026-07-13
US46436E5024,2026-07-13
US25459W1027,2026-07-13
US87283Q2066,2026-07-13
US78468R7219,2026-07-13
US45782C2439,2026-07-13
US46434V8607,2026-07-13
IE00BJJYYX67,2026-07-13
NL0009690221,2026-07-13
US8863648841,2026-07-13
US87283Q3056,2026-07-13
US4642866242,2026-07-13
US3015057314,2026-07-13
US66538J7384,2026-07-13
US33939L1008,2026-07-13
JE00B2QY0H68,2026-07-13
US4642871762,2026-07-13
LU1459803133,2026-07-13
LU1459801434,2026-07-13
LU1459802168,2026-07-13
US78468R8613,2026-07-13
US72201R4039,2026-07-13
US4642886539,2026-07-13
US4642874329,2026-07-13
US33939L8037,2026-07-13
US33939L3087,2026-07-13
US66538H2783,2026-07-13
US74347G5071,2026-07-13
US74933W6012,2026-07-13
US25460G8490,2026-07-13
NL0009272756,2026-07-13
NL0011376074,2026-07-13
US4642882652,2026-07-13
US1320618218,2026-07-13
US74347B5084,2026-07-13
US78467V8485,2026-07-13
US77926X8662,2026-07-13
LU1681038169,2026-07-13
US8874323269,2026-07-13
US8874323343,2026-07-13
US8874323590,2026-07-13
US25460E6793,2026-07-13
US8874323426,2026-07-13
US8909303088,2026-07-13
US74347X8314,2026-07-13
IE00BF2GC043,2026-07-13
IE00BF2GFM70,2026-07-13
US69374H6751,2026-07-13
US1320618390,2026-07-13
US74347G8877,2026-07-13
US4642867158,2026-07-13
IE00BHPGG813,2026-07-13
US74347G1682,2026-07-13
US46434V7617,2026-07-13
US45782C8055,2026-07-13
US45782C6729,2026-07-13
IE00BYQ00Y50,2026-07-13
US25460G8235,2026-07-13
US74347B4905,2026-07-13
US74347R1721,2026-07-13
IE00BX7RR250,2026-07-13
IE00BX7RRC57,2026-07-13
IE00BX7RRN62,2026-07-13
US74347R7504,2026-07-13
US90274D3908,2026-07-13
US74347Y8883,2026-07-13
US33740F8885,2026-07-13
US74347G7705,2026-07-13
US45782C5325,2026-07-13
US74347X8231,2026-07-13
US92647N5436,2026-07-13
US45782C4252,2026-07-13
IE00BFZ11324,2026-07-13
US74280R2058,2026-07-13
US91201T1025,2026-07-13
US22539T1833,2026-07-13
US74347R7686,2026-07-13
US74347W6012,2026-07-13
LU2099294493,2026-07-13
LU2099295037,2026-07-13
LU1879532940,2026-07-13
US92647N5279,2026-07-13
US92647N5501,2026-07-13
US45782C3007,2026-07-13
US45782C8394,2026-07-13
US45782C7305,2026-07-13
LU1169821615,2026-07-13
IE00BMDBMH44,2026-07-13
LU0950670850,2026-07-13
LU0705291739,2026-07-13
IE00BZ0RTB90,2026-07-13
US74347W8745,2026-07-13
US78467V7073,2026-07-13
US45409F8196,2026-07-13
US92647N5766,2026-07-13
US45782C3759,2026-07-13
US45782C2926,2026-07-13
US74347X8157,2026-07-13
US90290T8826,2026-07-13
US9123184098,2026-07-13
US91288X1090,2026-07-13
US45782C5655,2026-07-13
US45782C8212,2026-07-13
US74347X5260,2026-07-13
US74347R6852,2026-07-13
US37954Y8710,2026-07-13
US74347X6250,2026-07-13
US85208P3038,2026-07-13
US4642863926,2026-07-13
US74347X7993,2026-07-13
LU1681040819,2026-07-13
LU1681040736,2026-07-13
LU1681040652,2026-07-13
US69374H6348,2026-07-13
IE00BD08DL65,2026-07-13
US9117171069,2026-07-13
US74347R6696,2026-07-13
US97717W4713,2026-07-13
IE00BPYPPK00,2026-07-13
US45782C6497,2026-07-13
US97717Y5270,2026-07-13
US46435U8532,2026-07-13
US4642886208,2026-07-13
US91288V1035,2026-07-13
US74255Y8701,2026-07-13
US97717Y8571,2026-07-13
US90278V7010,2026-07-13
IE00BDGV0C91,2026-07-13
US46429B6974,2026-07-13
US91232N2071,2026-07-13
LU2153616599,2026-07-13
US4642885218,2026-07-13
US2330511500,2026-07-13
US74347R1804,2026-07-13
LU1459800113,2026-07-13
US92647N5352,2026-07-13
LU1965301184,2026-07-13
US92647N5683,2026-07-13
US46436E7673,2026-07-13
US26923G8069,2026-07-13
US25460E7114,2026-07-13
US74347Y6804,2026-07-13
US74347R8429,2026-07-13
US74347R7272,2026-07-13
US74347X6334,2026-07-13
US74347R7769,2026-07-13
US0250722081,2026-07-13
US1320618887,2026-07-13
US92204A8018,2026-07-13
US9229087518,2026-07-13
US9229085959,2026-07-13
US26922A6029,2026-07-13
US9229086114,2026-07-13
US9219106914,2026-07-13
US92206C8709,2026-07-13
US92206C8139,2026-07-13
US92204A1088,2026-07-13
US92206C4096,2026-07-13
US92204A2078,2026-07-13
US92204A3068,2026-07-13
US9219438580,2026-07-13
US00768Y7682,2026-07-13
US4642863504,2026-07-13
US26922A2978,2026-07-13
US9220427754,2026-07-13
US92204A4058,2026-07-13
US9219356071,2026-07-13
US9219355081,2026-07-13
US9219354092,2026-07-13
US9219357061,2026-07-13
US92206C7065,2026-07-13
US92206C8477,2026-07-13
US92206C1027,2026-07-13
US92204A7028,2026-07-13
US92204A5048,2026-07-13
US00768Y5454,2026-07-13
US26922A4040,2026-07-13
US9219088443,2026-07-13
US9219468108,2026-07-13
US22542D2669,2026-07-13
US9219327940,2026-07-13
US9219328286,2026-07-13
US9219327783,2026-07-13
US69374H7585,2026-07-13
US92204A6038,2026-07-13
US74347W3381,2026-07-13
US74347Y7307,2026-07-13
US78464A1280,2026-07-13
LU1481201298,2026-07-13
US46432F3881,2026-07-13
US92206C7719,2026-07-13
US47103U8861,2026-07-13
US92189F8178,2026-07-13
US63875W3079,2026-07-13
US9229085538,2026-07-13
US9220426764,2026-07-13
US63875W2089,2026-07-13
US9229086296,2026-07-13
US9229085124,2026-07-13
US92206C7305,2026-07-13
US92206C6802,2026-07-13
US92206C7149,2026-07-13
US9229083632,2026-07-13
US9219325050,2026-07-13
US9219327031,2026-07-13
US9229085389,2026-07-13
US92204A8844,2026-07-13
IE00BG21M733,2026-07-13
US9220428661,2026-07-13
US92204A8760,2026-07-13
US26923G7806,2026-07-13
US46090A8797,2026-07-13
US46138G8704,2026-07-13
US92647N6673,2026-07-13
US9219107250,2026-07-13
US26923N4051,2026-07-13
US92647N6913,2026-07-13
US9220427424,2026-07-13
US92206C5739,2026-07-13
US9229077469,2026-07-13
US92206C5994,2026-07-13
US9229087690,2026-07-13
US9220208055,2026-07-13
US9229087443,2026-07-13
US92206C6232,2026-07-13
US92206C6646,2026-07-13
US92206C6497,2026-07-13
US9229087369,2026-07-13
US92203C3034,2026-07-13
US26922A5039,2026-07-13
US9229086379,2026-07-13
US26923G8481,2026-07-13
US9220428588,2026-07-13
US9219468850,2026-07-13
US9229086528,2026-07-13
US9219097683,2026-07-13
US06748M1962,2026-07-13
US9219464065,2026-07-13
US9219467944,2026-07-13
IE00BMXWRM76,2026-07-13
US00400R6018,2026-07-13
US00400R7008,2026-07-13
US00400R8097,2026-07-13
US00400R8584,2026-07-13
US52468L8101,2026-07-13
US97717Y6591,2026-07-13
US97717Y6914,2026-07-13
US78463X4593,2026-07-13
GB00B15KY765,2026-07-13
US25460E3642,2026-07-13
US25461A4866,2026-07-13
US25460G7732,2026-07-13
US52468L7863,2026-07-13
US78464A4904,2026-07-13
US45259A1007,2026-07-13
US4642881746,2026-07-13
US4642884229,2026-07-13
LU1861134382,2026-07-13
US97717W1255,2026-07-13
US46144X4951,2026-07-13
IE00BYPGTJ26,2026-07-13
US66538H4193,2026-07-13
LU0641006613,2026-07-13
SE0003051010,2026-07-13
SE0005466505,2026-07-13
SE0005466513,2026-07-13
SE0001710914,2026-07-13
SE0001056045,2026-07-13
SE0009778954,2026-07-13
US78464A6313,2026-07-13
LU0942970442,2026-07-13
LU0975326215,2026-07-13
US45783Y3018,2026-07-13
LU0942970285,2026-07-13
LU0962081203,2026-07-13
LU0942970368,2026-07-13
US78464A8707,2026-07-13
FR0010446666,2026-07-13
US19762B2025,2026-07-13
GB00B3SC0P31,2026-07-13
DE000A1ED2J2,2026-07-13
DE000A1KYN55,2026-07-13
US45783Y2028,2026-07-13
US35473P4708,2026-07-13
LU0460391906,2026-07-13
US77926X8332,2026-07-13
US45783Y6086,2026-07-13
US45783Y1038,2026-07-13
IE00BZ1BS790,2026-07-13
US78468R5494,2026-07-13
DE000A1AQGX1,2026-07-13
LU0641007421,2026-07-13
LU0641007264,2026-07-13
LU0641006290,2026-07-13
LU0641006456,2026-07-13
US78464A8889,2026-07-13
US78464A5810,2026-07-13
US78464A5737,2026-07-13
US78464A1108,2026-07-13
US46436E5511,2026-07-13
US46436E5446,2026-07-13
US81369Y1001,2026-07-13
IE00B3XM3R14,2026-07-13
US81369Y8527,2026-07-13
US81369Y5069,2026-07-13
IE00B435CG94,2026-07-13
US81369Y6059,2026-07-13
IE00B42Q4896,2026-07-13
US46137V2337,2026-07-13
US81369Y7040,2026-07-13
LU0820950128,2026-07-13
US81369Y8030,2026-07-13
US81369Y3080,2026-07-13
IE00B435BG20,2026-07-13
US81369Y8600,2026-07-13
US78470P4081,2026-07-13
US81369Y8865,2026-07-13
US81369Y2090,2026-07-13
US81369Y4070,2026-07-13
LU1215827756,2026-07-13
US78464A7550,2026-07-13
US46137V4721,2026-07-13
LU0659580236,2026-07-13
US46138E1982,2026-07-13
US46137V4648,2026-07-13
US92189F4607,2026-07-13
US46137V4564,2026-07-13
US78464A1025,2026-07-13
US78468R5569,2026-07-13
US78464A7220,2026-07-13
US74347X8801,2026-07-13
US46138E3889,2026-07-13
US78464A7147,2026-07-13
US78464A8624,2026-07-13
US46138E1313,2026-07-13
US46138G3002,2026-07-13
US46138G1022,2026-07-13
US46137V4986,2026-07-13
US97717X5784,2026-07-13
US46137V4804,2026-07-13
US78464A5992,2026-07-13
US46434V3814,2026-07-13
US45783Y4008,2026-07-13
US78464A5406,2026-07-13
US78464A5323,2026-07-13
LU0356591882,2026-07-13
US8863647447,2026-07-13
US46436E5693,2026-07-13
LU0975334821,2026-07-13
US37954Y4750,2026-07-13
US37954Y2770,2026-07-13
US25461A4601,2026-07-13
US74347W2706,2026-07-13
US33740F6566,2026-07-13
US25460G1958,2026-07-13
US74255Y1029,2026-07-13
US5246823091,2026-07-13
US33740F5733,2026-07-13
US00768Y4952,2026-07-13
US74350P6262,2026-07-13
US0321088470,2026-07-13
CH0139101593,2026-07-13
CH0139101601,2026-07-13
US26922A2630,2026-07-13
US22542D8294,2026-07-13
CH0183136065,2026-07-13
CH0183136057,2026-07-13
IE00BJXRT706,2026-07-13
US72201R8824,2026-07-13
CH0183135976,2026-07-13
CH0183136040,2026-07-13
US74347Y6721,2026-07-13
